-- ================================================================
-- Phase 3 Demo Seed — Spec 07/08/09
-- Run in Supabase SQL Editor after applying migrations 021–023
-- Populates: projects, budgets, budget_periods, channel_partners,
--            cp_push_events, cp_commissions, cp_performance,
--            referrers, referral_events, referral_commissions
--            for Prestige Realty (org 001)
-- ================================================================

-- ---------------------------------------------------------------
-- 0. mih.identity_clusters (needed as FK for conversion_events)
-- ---------------------------------------------------------------
INSERT INTO mih.identity_clusters (id, org_id, cluster_type, first_seen_at, last_activity_at)
VALUES
  ('50000000-0000-0000-0000-000000000001', '00000000-0000-0000-0000-000000000001', 'individual', NOW() - INTERVAL '180 days', NOW() - INTERVAL '10 days'),
  ('50000000-0000-0000-0000-000000000002', '00000000-0000-0000-0000-000000000001', 'individual', NOW() - INTERVAL '150 days', NOW() - INTERVAL '5 days'),
  ('50000000-0000-0000-0000-000000000003', '00000000-0000-0000-0000-000000000001', 'individual', NOW() - INTERVAL '120 days', NOW() - INTERVAL '2 days'),
  ('50000000-0000-0000-0000-000000000004', '00000000-0000-0000-0000-000000000001', 'individual', NOW() - INTERVAL '90 days',  NOW() - INTERVAL '7 days'),
  ('50000000-0000-0000-0000-000000000005', '00000000-0000-0000-0000-000000000001', 'individual', NOW() - INTERVAL '60 days',  NOW() - INTERVAL '1 day'),
  ('50000000-0000-0000-0000-000000000006', '00000000-0000-0000-0000-000000000001', 'individual', NOW() - INTERVAL '45 days',  NOW() - INTERVAL '3 days'),
  ('50000000-0000-0000-0000-000000000007', '00000000-0000-0000-0000-000000000001', 'individual', NOW() - INTERVAL '30 days',  NOW() - INTERVAL '4 days'),
  ('50000000-0000-0000-0000-000000000008', '00000000-0000-0000-0000-000000000001', 'individual', NOW() - INTERVAL '20 days',  NOW() - INTERVAL '6 days'),
  ('50000000-0000-0000-0000-000000000009', '00000000-0000-0000-0000-000000000001', 'individual', NOW() - INTERVAL '15 days',  NOW() - INTERVAL '8 days'),
  ('50000000-0000-0000-0000-000000000010', '00000000-0000-0000-0000-000000000001', 'individual', NOW() - INTERVAL '10 days',  NOW() - INTERVAL '9 days')
ON CONFLICT (id) DO NOTHING;

-- ---------------------------------------------------------------
-- 1. mih.projects — 3 projects for Prestige Realty
-- ---------------------------------------------------------------
INSERT INTO mih.projects (id, org_id, display_name, crm_project_id, avg_sqft, price_per_sqft,
  fy_booking_target_count, fy_booking_target_value, marketing_spend_pct, lifecycle_stage, launch_date)
VALUES
  ('60000000-0000-0000-0000-000000000001', '00000000-0000-0000-0000-000000000001',
   'Prestige Heights', 'PRJ-PH-001', 1250, 850000,
   48, 510000000000, 0.0200, 'launch', '2026-03-01'),
  ('60000000-0000-0000-0000-000000000002', '00000000-0000-0000-0000-000000000001',
   'Prestige Gardens', 'PRJ-PG-002', 1800, 1200000,
   24, 576000000000, 0.0180, 'pre_launch', '2026-09-01'),
  ('60000000-0000-0000-0000-000000000003', '00000000-0000-0000-0000-000000000001',
   'Prestige Skyline', 'PRJ-PS-003', 2200, 1500000,
   12, 396000000000, 0.0250, 'mid_construction', '2025-04-01')
ON CONFLICT (id) DO NOTHING;

-- ---------------------------------------------------------------
-- 2. mih.budgets — one FY2026 budget per project
-- ---------------------------------------------------------------
INSERT INTO mih.budgets (id, org_id, project_id, fy_year, total_paise, notes)
VALUES
  ('70000000-0000-0000-0000-000000000001', '00000000-0000-0000-0000-000000000001',
   '60000000-0000-0000-0000-000000000001', 2026, 5000000000,
   'Launch campaign budget — Meta + Google heavy'),
  ('70000000-0000-0000-0000-000000000002', '00000000-0000-0000-0000-000000000001',
   '60000000-0000-0000-0000-000000000002', 2026, 3500000000,
   'Pre-launch awareness + influencer'),
  ('70000000-0000-0000-0000-000000000003', '00000000-0000-0000-0000-000000000001',
   '60000000-0000-0000-0000-000000000003', 2026, 2000000000,
   'Maintenance retargeting only')
ON CONFLICT (id) DO NOTHING;

-- ---------------------------------------------------------------
-- 3. mih.budget_periods — annual + quarterly for each budget
-- Monthly and weekly are generated programmatically in the app.
-- ---------------------------------------------------------------

-- Prestige Heights (budget 001, total 5,000,000,000 paise = ₹50L)
INSERT INTO mih.budget_periods (id, org_id, budget_id, period_type, period_label, start_date, end_date, planned_paise, actual_paise)
VALUES
  -- Annual
  ('71000000-0000-0000-0000-000000000001','00000000-0000-0000-0000-000000000001','70000000-0000-0000-0000-000000000001',
   'annual','Annual FY2026','2026-04-01','2027-03-31',5000000000,2100000000),
  -- Quarterly (proportional: Q1=91d, Q2=92d, Q3=92d, Q4=90d, total=365)
  ('71000000-0000-0000-0000-000000000002','00000000-0000-0000-0000-000000000001','70000000-0000-0000-0000-000000000001',
   'quarterly','Q1 FY2026','2026-04-01','2026-06-30',1246575342,800000000),
  ('71000000-0000-0000-0000-000000000003','00000000-0000-0000-0000-000000000001','70000000-0000-0000-0000-000000000001',
   'quarterly','Q2 FY2026','2026-07-01','2026-09-30',1260273973,950000000),
  ('71000000-0000-0000-0000-000000000004','00000000-0000-0000-0000-000000000001','70000000-0000-0000-0000-000000000001',
   'quarterly','Q3 FY2026','2026-10-01','2026-12-31',1260273973,350000000),
  ('71000000-0000-0000-0000-000000000005','00000000-0000-0000-0000-000000000001','70000000-0000-0000-0000-000000000001',
   'quarterly','Q4 FY2026','2027-01-01','2027-03-31',1232876712,0),
  -- Monthly (Q1 breakdown for Apr/May/Jun — representative sample)
  ('71000000-0000-0000-0000-000000000006','00000000-0000-0000-0000-000000000001','70000000-0000-0000-0000-000000000001',
   'monthly','Apr 2026','2026-04-01','2026-04-30',405479452,320000000),
  ('71000000-0000-0000-0000-000000000007','00000000-0000-0000-0000-000000000001','70000000-0000-0000-0000-000000000001',
   'monthly','May 2026','2026-05-01','2026-05-31',419178082,290000000),
  ('71000000-0000-0000-0000-000000000008','00000000-0000-0000-0000-000000000001','70000000-0000-0000-0000-000000000001',
   'monthly','Jun 2026','2026-06-01','2026-06-30',405479452,190000000)
ON CONFLICT (budget_id, period_type, start_date) DO NOTHING;

-- Prestige Gardens (budget 002, total 3,500,000,000 paise = ₹35L)
INSERT INTO mih.budget_periods (id, org_id, budget_id, period_type, period_label, start_date, end_date, planned_paise, actual_paise)
VALUES
  ('72000000-0000-0000-0000-000000000001','00000000-0000-0000-0000-000000000001','70000000-0000-0000-0000-000000000002',
   'annual','Annual FY2026','2026-04-01','2027-03-31',3500000000,420000000),
  ('72000000-0000-0000-0000-000000000002','00000000-0000-0000-0000-000000000001','70000000-0000-0000-0000-000000000002',
   'quarterly','Q1 FY2026','2026-04-01','2026-06-30',872602740,420000000),
  ('72000000-0000-0000-0000-000000000003','00000000-0000-0000-0000-000000000001','70000000-0000-0000-0000-000000000002',
   'quarterly','Q2 FY2026','2026-07-01','2026-09-30',882191781,0),
  ('72000000-0000-0000-0000-000000000004','00000000-0000-0000-0000-000000000001','70000000-0000-0000-0000-000000000002',
   'quarterly','Q3 FY2026','2026-10-01','2026-12-31',882191781,0),
  ('72000000-0000-0000-0000-000000000005','00000000-0000-0000-0000-000000000001','70000000-0000-0000-0000-000000000002',
   'quarterly','Q4 FY2026','2027-01-01','2027-03-31',863013698,0)
ON CONFLICT (budget_id, period_type, start_date) DO NOTHING;

-- ---------------------------------------------------------------
-- 4. mih.budget_reallocation_log — a sample reallocation
-- ---------------------------------------------------------------
INSERT INTO mih.budget_reallocation_log (id, org_id, budget_id, from_period_id, to_period_id, amount_paise, reason)
VALUES
  ('73000000-0000-0000-0000-000000000001', '00000000-0000-0000-0000-000000000001',
   '70000000-0000-0000-0000-000000000001',
   '71000000-0000-0000-0000-000000000004',   -- Q3 FY2026 (underspent)
   '71000000-0000-0000-0000-000000000005',   -- Q4 FY2026
   50000000, 'Shifting Q3 balance to Q4 for year-end push')
ON CONFLICT (id) DO NOTHING;

-- ---------------------------------------------------------------
-- 5. mih.channel_partners — 3 CPs for Prestige Realty
-- ---------------------------------------------------------------
INSERT INTO mih.channel_partners (id, org_id, name, code, contact_name, contact_email, contact_phone, is_active)
VALUES
  ('80000000-0000-0000-0000-000000000001', '00000000-0000-0000-0000-000000000001',
   'Magnet Realty Brokers', 'CP-001', 'Deepak Joshi', 'deepak@magnetrealty.in', '+919810001001', true),
  ('80000000-0000-0000-0000-000000000002', '00000000-0000-0000-0000-000000000001',
   'HomeDeal Partners', 'CP-002', 'Sunita Rao', 'sunita@homedeal.co', '+919820002002', true),
  ('80000000-0000-0000-0000-000000000003', '00000000-0000-0000-0000-000000000001',
   'PropLink Associates', 'CP-003', 'Rajan Mehta', 'rajan@proplink.in', '+919830003003', false)
ON CONFLICT (id) DO NOTHING;

-- ---------------------------------------------------------------
-- 6. mih.cp_push_events — leads pushed by each CP
-- ---------------------------------------------------------------
INSERT INTO mih.cp_push_events (id, org_id, channel_partner_id, crm_event_id, cluster_id, lead_name, lead_phone, project_id, pushed_at)
VALUES
  ('81000000-0000-0000-0000-000000000001','00000000-0000-0000-0000-000000000001',
   '80000000-0000-0000-0000-000000000001','CRM-CP-EVT-001',
   '50000000-0000-0000-0000-000000000001','Kiran Desai','+919900001001',
   '60000000-0000-0000-0000-000000000001', NOW() - INTERVAL '45 days'),
  ('81000000-0000-0000-0000-000000000002','00000000-0000-0000-0000-000000000001',
   '80000000-0000-0000-0000-000000000001','CRM-CP-EVT-002',
   '50000000-0000-0000-0000-000000000002','Meena Iyer','+919900002002',
   '60000000-0000-0000-0000-000000000001', NOW() - INTERVAL '38 days'),
  ('81000000-0000-0000-0000-000000000003','00000000-0000-0000-0000-000000000001',
   '80000000-0000-0000-0000-000000000001','CRM-CP-EVT-003',
   '50000000-0000-0000-0000-000000000003','Arun Bose','+919900003003',
   '60000000-0000-0000-0000-000000000001', NOW() - INTERVAL '20 days'),
  ('81000000-0000-0000-0000-000000000004','00000000-0000-0000-0000-000000000001',
   '80000000-0000-0000-0000-000000000002','CRM-CP-EVT-004',
   '50000000-0000-0000-0000-000000000004','Pooja Nair','+919900004004',
   '60000000-0000-0000-0000-000000000001', NOW() - INTERVAL '30 days'),
  ('81000000-0000-0000-0000-000000000005','00000000-0000-0000-0000-000000000001',
   '80000000-0000-0000-0000-000000000002','CRM-CP-EVT-005',
   '50000000-0000-0000-0000-000000000005','Sanjay Pillai','+919900005005',
   '60000000-0000-0000-0000-000000000002', NOW() - INTERVAL '15 days'),
  ('81000000-0000-0000-0000-000000000006','00000000-0000-0000-0000-000000000001',
   '80000000-0000-0000-0000-000000000003','CRM-CP-EVT-006',
   '50000000-0000-0000-0000-000000000006','Nisha Gupta','+919900006006',
   '60000000-0000-0000-0000-000000000001', NOW() - INTERVAL '60 days')
ON CONFLICT (org_id, crm_event_id) DO NOTHING;

-- ---------------------------------------------------------------
-- 7. mih.cp_commissions — 2.5% on booking conversions via CP
-- deal values realistic for Indian RE: 1.2–2.5Cr (in paise)
-- ---------------------------------------------------------------
INSERT INTO mih.cp_commissions (id, org_id, channel_partner_id, conversion_event_id, deal_value_paise, commission_paise, status)
VALUES
  -- Magnet Realty: 2 bookings
  ('82000000-0000-0000-0000-000000000001','00000000-0000-0000-0000-000000000001',
   '80000000-0000-0000-0000-000000000001','00000000-0000-0000-0001-000000000001',
   12000000000, 300000000, 'paid'),       -- ₹1.2Cr deal → ₹3L commission
  ('82000000-0000-0000-0000-000000000002','00000000-0000-0000-0000-000000000001',
   '80000000-0000-0000-0000-000000000001','00000000-0000-0000-0002-000000000001',
   15000000000, 375000000, 'approved'),   -- ₹1.5Cr deal → ₹3.75L commission
  -- HomeDeal: 1 booking
  ('82000000-0000-0000-0000-000000000003','00000000-0000-0000-0000-000000000001',
   '80000000-0000-0000-0000-000000000002','00000000-0000-0000-0003-000000000001',
   21000000000, 525000000, 'pending'),    -- ₹2.1Cr deal → ₹5.25L commission
  -- PropLink: 1 booking (inactive CP but old commission)
  ('82000000-0000-0000-0000-000000000004','00000000-0000-0000-0000-000000000001',
   '80000000-0000-0000-0000-000000000003','00000000-0000-0000-0004-000000000001',
   18500000000, 462500000, 'paid')        -- ₹1.85Cr deal → ₹4.625L commission
ON CONFLICT (org_id, conversion_event_id) DO NOTHING;

-- ---------------------------------------------------------------
-- 8. mih.cp_performance — monthly rollups
-- ---------------------------------------------------------------
INSERT INTO mih.cp_performance (org_id, channel_partner_id, month_year, leads_pushed_count, bookings_count, bookings_value_paise, commission_paise)
VALUES
  -- Magnet Realty (best performer)
  ('00000000-0000-0000-0000-000000000001','80000000-0000-0000-0000-000000000001','2026-02',4,1,12000000000,300000000),
  ('00000000-0000-0000-0000-000000000001','80000000-0000-0000-0000-000000000001','2026-03',5,1,15000000000,375000000),
  ('00000000-0000-0000-0000-000000000001','80000000-0000-0000-0000-000000000001','2026-04',3,0,0,0),
  ('00000000-0000-0000-0000-000000000001','80000000-0000-0000-0000-000000000001','2026-05',4,0,0,0),
  -- HomeDeal
  ('00000000-0000-0000-0000-000000000001','80000000-0000-0000-0000-000000000002','2026-03',2,0,0,0),
  ('00000000-0000-0000-0000-000000000001','80000000-0000-0000-0000-000000000002','2026-04',3,1,21000000000,525000000),
  ('00000000-0000-0000-0000-000000000001','80000000-0000-0000-0000-000000000002','2026-05',2,0,0,0),
  -- PropLink (inactive)
  ('00000000-0000-0000-0000-000000000001','80000000-0000-0000-0000-000000000003','2025-12',3,1,18500000000,462500000),
  ('00000000-0000-0000-0000-000000000001','80000000-0000-0000-0000-000000000003','2026-01',1,0,0,0)
ON CONFLICT (org_id, channel_partner_id, month_year) DO NOTHING;

-- ---------------------------------------------------------------
-- 9. mih.referrers — 5 existing customers who can refer
-- ---------------------------------------------------------------
INSERT INTO mih.referrers (id, org_id, customer_cluster_id, name, contact_email, contact_phone, is_active, last_referral_at)
VALUES
  -- Active referrer (referred recently)
  ('90000000-0000-0000-0000-000000000001','00000000-0000-0000-0000-000000000001',
   '50000000-0000-0000-0000-000000000007',
   'Rahul Sharma', 'rahul.sharma@gmail.com', '+919876543201', true,
   NOW() - INTERVAL '15 days'),
  -- Active referrer (moderate activity)
  ('90000000-0000-0000-0000-000000000002','00000000-0000-0000-0000-000000000001',
   '50000000-0000-0000-0000-000000000008',
   'Priya Patel', 'priya.patel@gmail.com', '+919876543202', true,
   NOW() - INTERVAL '45 days'),
  -- Dormant referrer (91 days — just past threshold)
  ('90000000-0000-0000-0000-000000000003','00000000-0000-0000-0000-000000000001',
   '50000000-0000-0000-0000-000000000009',
   'Amit Verma', 'amit.verma@hotmail.com', '+919876543203', true,
   NOW() - INTERVAL '91 days'),
  -- Very dormant referrer (never referred after signup)
  ('90000000-0000-0000-0000-000000000004','00000000-0000-0000-0000-000000000001',
   '50000000-0000-0000-0000-000000000010',
   'Sneha Reddy', 'sneha.reddy@yahoo.com', '+919876543204', true,
   NULL),
  -- Inactive referrer (opted out)
  ('90000000-0000-0000-0000-000000000005','00000000-0000-0000-0000-000000000001',
   NULL,
   'Vikram Singh', 'vikram.singh@gmail.com', '+919876543205', false,
   NOW() - INTERVAL '200 days')
ON CONFLICT (id) DO NOTHING;

-- ---------------------------------------------------------------
-- 10. mih.referral_events — referred leads
-- ---------------------------------------------------------------
INSERT INTO mih.referral_events (id, org_id, referrer_id, referee_cluster_id, crm_event_id, project_id, status, referred_at, converted_at)
VALUES
  -- Rahul's referrals
  ('91000000-0000-0000-0000-000000000001','00000000-0000-0000-0000-000000000001',
   '90000000-0000-0000-0000-000000000001','50000000-0000-0000-0000-000000000001',
   'REF-EVT-001','60000000-0000-0000-0000-000000000001',
   'converted', NOW() - INTERVAL '60 days', NOW() - INTERVAL '20 days'),
  ('91000000-0000-0000-0000-000000000002','00000000-0000-0000-0000-000000000001',
   '90000000-0000-0000-0000-000000000001','50000000-0000-0000-0000-000000000002',
   'REF-EVT-002','60000000-0000-0000-0000-000000000001',
   'pending', NOW() - INTERVAL '15 days', NULL),
  -- Priya's referral
  ('91000000-0000-0000-0000-000000000003','00000000-0000-0000-0000-000000000001',
   '90000000-0000-0000-0000-000000000002','50000000-0000-0000-0000-000000000003',
   'REF-EVT-003','60000000-0000-0000-0000-000000000001',
   'converted', NOW() - INTERVAL '50 days', NOW() - INTERVAL '10 days'),
  -- Amit's referral (pre-dormancy)
  ('91000000-0000-0000-0000-000000000004','00000000-0000-0000-0000-000000000001',
   '90000000-0000-0000-0000-000000000003','50000000-0000-0000-0000-000000000004',
   'REF-EVT-004','60000000-0000-0000-0000-000000000002',
   'expired', NOW() - INTERVAL '91 days', NULL)
ON CONFLICT (org_id, referrer_id, referee_cluster_id) DO NOTHING;

-- ---------------------------------------------------------------
-- 11. mih.referral_commissions — 1.5% of deal value
-- ---------------------------------------------------------------
INSERT INTO mih.referral_commissions (id, org_id, referral_event_id, conversion_event_id, deal_value_paise, commission_paise, status)
VALUES
  -- Rahul's converted referral: ₹1.2Cr deal → ₹1.8L commission (1.5%)
  ('92000000-0000-0000-0000-000000000001','00000000-0000-0000-0000-000000000001',
   '91000000-0000-0000-0000-000000000001','00000000-0000-0000-0010-000000000001',
   12000000000, 180000000, 'paid'),
  -- Priya's converted referral: ₹1.5Cr deal → ₹2.25L commission
  ('92000000-0000-0000-0000-000000000002','00000000-0000-0000-0000-000000000001',
   '91000000-0000-0000-0000-000000000003','00000000-0000-0000-0010-000000000002',
   15000000000, 225000000, 'approved')
ON CONFLICT (org_id, conversion_event_id) DO NOTHING;
